design-and-product,design
data-analysis,"data-science, math"
medicine-and-healthcare,medicine
music-and-art,art
physics-and-astronomy,"science, physics"
governance-and-society,politics
entrepreneurship,entrepreneurship
bioinformatics,"biology, computer-science"
history,humanities
business-essentials,business
mechanical-engineering,engineering
math-and-logic,math
environmental-science-and-sustainability,environment
psychology,"humanities, psychology"
algorithms,"computer-science, software-engineering"
other-languages,language-and-cultures
marketing,business
philosophy,philosophy
electrical-engineering,engineering
law,law
business-strategy,business
education,education
leadership-and-management,"business, personal-development"
personal-development,personal-development
software-development,"computer-science, software-engineering, development"
economics,"business, economics"
biology,"biology, science"
learning-english,language-and-cultures
chemistry,"chemistry, science"
machine-learning,"computer-science, software-engineering, data-science"
computer-security-and-networks,computer-science
mobile-and-web-development,development
probability-and-statistics,"data-science, math"
clinical-science,health
nutrition,health
animals-and-veterinary-science,"science, biology"
research-methods,education