Engineering,engineering
Computer Science,"computer-science, development"
Humanities,humanities
Business & Management,business
Art & Culture,"art, language-and-cultures"
Math,math
Environmental Studies,environment
Ethics,humanities
Medicine,health
Music,art
Biology & Life Sciences,"biology, science"
Law,law
Science,science
Philosophy & Ethics,philosophy
Social Sciences,"science, humanities"
History,humanities
Data Analysis & Statistics,data-science
Health & Safety,health
Physics,physics
Design,"design, art"
Communication,personal-development
Chemistry,chemistry
Economics & Finance,"economics, business"
Education & Teacher Training,education
Electronics,engineering
Language,"language-and-cultures, personal-development"
Energy & Earth Sciences,environment
Food & Nutrition,"health, science"
Literature,"art, humanities"
Architecture,architecture