Tech & Coding,"computer-science, development, software-engineering"
Literature,"art, humanities"
Creative Arts & Media,"art, design"
Health & Psychology,"health, psychology"
Nature & Environment,"environment, biology"
History,humanities
Teaching,education
Science,science
Engineering & Maths,"math, engineering"
Politics & the Modern World,"politics, humanities"
Business & Management,"business, personal-development"
Study Skills,"productivity, education, personal-development"
Languages & Cultures,language-and-cultures
Law,law